longitude,latitude
76.96292,10.85913
76.96898,10.86515
76.97412,10.86712
76.97384,10.86967
76.97903,10.8752
77.00087,10.88597
76.99979,10.89609
76.99398,10.895
76.99112,10.89206
77.00072,10.98628
76.99371,11.00345
76.98954,11.00986
76.99174,11.01089
76.98796,11.01449
76.98601,11.01294
76.9923,11.0203
77.00141,11.02318
77.00081,11.02533
77.00195,11.02557
76.96787,10.99647
76.9678,11.00013
76.96993,11.00096
76.97219,11.00267
76.97251,11.00364
76.97197,11.00586
76.97092,11.00585
76.97118,11.00333
76.97239,11.00388
76.97218,11.00485
76.99563,10.99748
76.98439,11.01498
76.95321,11.01671
76.94869,11.0456
76.92497,11.03898
76.90796,11.0664
76.8251,11.07607
76.82278,11.08334
76.79272,11.0932
76.77158,11.10776
76.96119,10.98969
76.96479,10.98914
76.96707,10.9943
76.9625,11.00149
76.9667,11.00244
76.9683,11.01667
76.9795,11.03879
76.99335,11.0522
76.99966,11.06248
77.00455,11.07735
76.85366,10.81233
76.86846,10.82257
76.88593,10.8445
76.89469,10.85842
76.89697,10.87194
76.93917,10.8998
76.91027,10.8829
76.90876,10.88994
76.90006,10.89755
76.90218,10.89991
76.83934,10.84701
76.90205,10.87289
76.92473,10.89334
76.96611,10.89759
77.07041,11.00744
77.0945,11.01841
77.0941,11.03557
77.07637,11.03212
77.08495,11.06057
76.97101,11.00452
76.90341,10.89942
76.91056,10.88409
76.93933,10.89997
76.94233,10.8976
76.95909,10.90398
76.95591,10.89602
76.96479,10.8969
76.98586,10.91763
76.981,10.92915
77.03775,11.03888
77.04168,11.04104
77.03241,11.03375
77.02142,11.02653
76.99371,11.02105
76.986,11.0128
76.97081,11.0031
76.95692,11.00018
76.95485,11.01295
76.95308,11.01275
76.95197,10.93989
76.9512,10.93659
76.94975,10.93289
76.94971,10.93175
76.95225,10.93232
76.95268,10.93362
76.95919,10.9366
76.96582,10.93785
76.96773,10.9376
76.96871,10.93815
76.9655,11.00034
76.96726,11.00069
76.96676,11.00233
76.96406,11.0018
76.96296,11.00148
76.96284,11.00126
76.96443,10.99911
76.96794,10.99453
76.96819,10.99475
76.96821,10.99483
76.97524,11.0085
76.97542,11.0085
76.97623,11.01269
76.97724,11.01667
76.97068,11.01605
76.97025,11.01617
76.96992,11.01661
76.96849,11.017
76.96881,11.01706
76.96802,10.99904
76.96784,11.00017
76.97144,11.0021
76.97189,11.00079
76.97352,11.00103
76.97387,10.99931
76.97517,10.99845
76.98042,10.99924
76.98172,10.99992
76.98247,10.99909
76.97713,10.99971
76.97696,11.0002
76.97709,11.00181
76.97606,11.0018
76.97572,11.00583
76.97458,11.00524
76.96875,11.01694
76.96823,11.00232
76.96892,11.00132
76.97977,11.00913
76.98534,11.01241
76.98942,11.01611
76.99061,11.0179
76.98998,11.01863
76.79068,10.95546
76.80531,10.96154
76.83788,10.96824
76.84803,10.96752
76.8658,10.97439
76.90276,10.9676
76.91101,10.97073
76.91541,10.96052
76.92304,10.95914
76.93914,10.94455
76.9367,10.94678
76.9383,10.94505
76.94235,10.94205
76.94351,10.93985
76.94786,10.93934
76.94836,10.93786
76.94914,10.93717
76.95109,10.93677
76.95284,10.94385
76.95354,10.95105
76.94568,10.93955
76.94795,10.9393
76.94814,10.93901
76.95085,10.93673
76.9512,10.93685
76.95353,10.94891
76.95353,10.95261
76.98469,10.91737
76.98609,10.91783
76.9811,10.91263
76.96509,10.89703
76.93576,10.89513
76.92517,10.89306
76.90949,10.88344
76.8989,10.87741
76.89873,10.87519
76.86938,11.04117
76.88358,11.03584
76.88838,11.03175
76.88307,11.02927
76.88442,11.02134
76.8818,11.02022
76.88146,11.01774
76.87726,11.01607
76.87254,11.01093
76.87001,11.01028
77.02996,11.00071
77.03382,11.00136
77.02123,10.99862
77.00521,10.99673
76.99568,10.99701
76.99377,11.0033
76.99286,11.00423
76.99597,11.00633
76.99506,11.00857
76.9539,10.88185
76.95392,10.88348
76.95222,10.88428
76.95463,10.89388
76.95693,10.89803
76.95706,10.90101
76.96025,10.90568
76.95878,10.90998
76.95504,10.91288
76.94863,10.91405
77.0012,10.98645
77.00053,10.98796
76.99896,10.99018
76.99704,10.99381
76.99592,10.997
76.98963,10.99795
76.98576,10.99781
76.98497,10.99844
76.98317,10.99787
76.98276,10.9986
76.83316,10.88203
76.8319,10.86462
76.85756,10.8536
76.84433,10.85375
76.80831,10.81908
76.83669,10.83576
76.84446,10.85433
76.8902,10.85292
76.86972,10.84461
76.8785,11.03812
76.89039,11.03074
76.90331,11.02811
76.92981,11.0134
76.95444,11.0156
76.95319,11.01734
76.95813,11.01676
76.95917,11.0195
76.99212,11.02013
77.0033,11.0233
76.97168,11.00228
76.97158,11.00215
76.97025,11.00106
76.97012,11.0008
76.96968,11.00079
76.96963,11.00072
76.96797,11.00014
76.96813,10.99854
76.96794,10.99676
76.96795,10.99643
76.98744,11.00708
76.98732,11.00682
76.98634,11.00693
76.98524,11.00688
76.9853,11.00113
76.98515,11.00033
76.98515,10.99856
76.98542,10.9982
76.98528,10.9981
76.98512,10.99825
76.96786,10.99652
76.9679,10.99998
76.96545,11.00204
76.96471,11.00436
76.96475,11.00806
76.96158,11.00833
76.95985,11.01132
76.95707,11.01102
76.95866,11.00918
76.97546,11.00835
76.9754,11.00809
76.9734,11.00799
76.9734,11.00779
76.97292,11.00766
76.97284,11.00752
76.97167,11.00731
76.97136,11.00583
76.97062,11.00589
76.93471,10.99761
76.9376,10.99928
76.9402,10.99823
76.94146,10.98591
76.94249,10.98252
76.94596,10.9859
76.947,10.98498
76.95224,10.98541
76.96123,10.98898
76.96028,10.99149
76.97137,10.96152
76.96507,10.97281
76.96148,10.9745
76.95626,10.97015
76.95512,10.96346
76.94531,10.96156
76.931,10.963
76.93086,10.95845
76.92638,10.95615
76.92276,10.95746
76.84233,10.99007
76.86195,11.00476
76.8636,11.00007
76.90525,11.0005
76.91269,11.00513
76.94637,11.00462
76.94439,11.00925
76.95715,11.01103
76.96356,11.00192
76.95987,10.99948
76.93776,11.02082
76.93872,11.01935
76.95303,11.01995
76.95493,11.01348
76.96126,11.00602
76.9628,11.00124
76.95971,11.00066
76.96074,10.99523
76.96065,10.99043
76.9612,10.98808
76.95082,10.98515
76.94591,10.98581
76.9414,10.98834
76.93542,10.9882
76.93182,10.98429
76.92208,10.98322
76.91793,10.97705
76.91186,10.975
76.96071,10.9905
76.96133,10.98898
76.95809,10.98818
76.95292,10.98557
76.94582,10.98577
76.94222,10.98216
76.93914,10.98359
76.93807,10.98329
76.93797,10.98409
76.99023,11.03297
76.98801,11.04681
76.99972,11.06259
77.00824,11.09054
77.01958,11.09695
77.02888,11.11238
77.03601,11.13743
77.01351,11.20352
76.96111,11.24356
76.9829,11.02704
76.98044,11.02848
76.97862,11.02117
76.95866,11.01678
76.94227,11.01362
76.92994,11.01331
76.90315,11.02811
76.87825,11.03824
76.8678,11.03864
76.99221,11.02006
76.98613,11.01292
76.99375,11.00352
77.00245,10.9838
76.99608,10.97798
76.98627,10.96095
76.98204,10.96003
76.9952,10.95206
76.99974,10.95617
76.97096,11.00522
76.97243,11.0038
76.95099,10.99954
76.94212,11.00601
76.92107,11.00363
76.91295,11.00512
76.91105,11.00733
76.92413,11.0385
76.96295,11.00154
76.9733,11.0044
76.99359,11.02109
77.02425,11.02801
77.06551,11.05533
77.07217,11.0531
77.07081,11.04887
77.02389,11.00983
77.02957,11.00057
76.98531,10.9981
76.9805,10.99248
76.91527,10.97562
77.00949,11.04937
77.00462,11.04995
77.00299,11.05357
76.99919,11.05221
76.99859,11.05441
76.97537,11.04756
76.96015,11.04525
76.94713,11.04627
76.93743,11.04026
77.01395,11.04941
77.01766,11.02575
76.99229,11.02014
76.98412,11.01158
76.98065,10.99255
76.94552,10.98551
76.931,10.97038
76.9285,10.9495
76.93261,10.943
76.99319,11.02077
76.98391,10.99499
76.96141,10.98744
76.94973,10.9328
76.94858,10.91452
76.95278,10.91372
76.98261,10.99376
76.93695,10.99157
77.01824,11.02144
77.03601,10.98857
77.02999,10.97643
77.03361,10.96684
76.96713,10.89839
76.95246,10.88368
76.92805,10.87673
77.10604,10.94512
77.09935,10.95883
77.06858,10.94715
77.04095,10.9514
76.94941,10.99794
76.94926,10.99739
76.94891,10.99678
76.94942,10.99654
76.94964,10.99324
76.9499,10.99216
76.95012,10.99198
76.95171,10.99259
76.95397,10.99276
76.95358,10.99576
76.96663,11.02102
76.97335,11.02533
76.98208,11.02135
76.99593,10.99708
77.06222,11.00283
77.08004,11.01
77.10725,10.94271
77.1082,10.92246
77.11787,10.92221
77.1508,10.88462
76.97118,11.02094
76.99575,10.9971
77.00541,10.99682
77.10094,11.0214
77.12469,11.02541
77.15654,10.97816
76.95427,11.01646
76.96031,10.97806
76.97234,10.96317
76.96961,10.90088
76.97503,10.90098
76.98,10.88298
76.97591,10.86731
76.95885,11.01679
76.90634,11.02485
76.89114,11.02413
76.84301,10.99121
76.8314,10.99761
76.81574,10.99761
77.06572,11.00443
77.0797,10.95179
77.08091,10.94303
77.07286,10.93808
76.95507,11.01084
76.94446,11.00926
76.94822,11.00283
76.92764,10.9943
76.9253,10.98398
76.91215,10.97115
76.86022,10.97322
76.85412,10.93642
76.96035,10.9779
76.9833,10.92094
76.99831,10.90401
77.00541,10.87443
77.01106,10.86655
77.02235,10.86916
76.99834,10.90394
77.00316,10.87873
77.00068,10.87416
77.06702,11.00186
77.05861,10.99301
77.0621,10.98156
77.08377,10.97328
77.0212,11.02657
77.06862,11.05743
77.10698,11.07297
77.11876,11.04773
77.11516,11.03325
77.13085,11.02681
76.96274,11.02224
76.95292,11.01993
76.89045,11.02397
76.84145,10.98991
76.88909,11.02357
76.83645,10.98381
76.80233,10.9699
76.80521,10.96151
76.78859,10.9534
76.9533,11.01665
76.93034,11.0133
76.9231,11.00715
76.91781,11.00749
76.93864,11.01931
76.90849,11.06484
76.90943,11.0695
76.90442,11.07305
76.90533,11.07869
76.96645,11.02234
76.96026,11.01693
76.92603,11.03894
76.7697,10.94607
77.14027,10.99486
76.9718,11.02248
76.99134,11.05124
77.01566,11.06513
77.01697,11.07277
77.02048,11.07576
77.02947,11.07471
77.03692,11.07802
77.03672,11.08548
77.09117,11.06315
77.13238,11.08899
77.1558,11.0975
77.15089,11.09244
77.04468,11.00381
77.08565,11.0128
77.09152,11.00258
77.09668,11.00368
76.96577,11.02229
76.96514,11.02634
76.96602,11.03027
76.96547,11.03412
76.96148,11.03424
76.95972,11.03344
76.95796,11.03439
76.95684,11.03386
76.9654,11.03421
76.95045,11.03686
76.94712,11.04563
76.93492,11.12574
76.94501,11.15848
76.95938,11.18281
76.96693,11.20672
76.95978,11.22731
76.74434,10.93614
77.00157,10.88211
77.01365,10.85759
77.01646,10.82248
76.99984,11.06285
77.01188,11.10224
77.01192,11.1221
77.00955,11.13128
77.00531,11.13546
77.02082,11.14335
76.82049,10.99961
76.78049,10.98815
76.7712,10.99152
76.95432,11.01657
76.93752,11.00209
76.90167,10.96776
76.89903,10.95985
76.93855,11.08577
76.94263,11.14102
76.9444,11.15287
76.93593,11.15404
76.93558,11.1512
76.96126,11.03683
76.94292,11.1419
76.95708,11.17825
76.88968,11.02377
76.78319,10.94958
76.74122,10.93825
76.72108,10.94385
77.10026,10.95872
77.12007,10.95872
77.13918,10.94201
77.1674,10.94673
76.98286,11.01651
76.98996,11.00963
77.03694,11.0156
77.04298,11.01777
76.99004,11.00951
77.02981,11.00069
77.03195,10.99873
77.13127,11.08838
77.17706,11.10781
77.18577,11.087
76.98551,11.04456
76.9852,11.07368
76.97855,11.12685
76.98292,11.13009
76.97922,11.14453
76.98831,11.14703
76.99566,11.16154
76.99136,11.16241
76.97826,11.03336
77.01703,11.0683
77.01713,11.08871
77.0147,11.08934
76.92965,11.03304
76.93742,11.03444
76.93546,11.03969
76.94705,11.04626
76.96022,11.04526
76.99771,11.05387
76.98019,10.94947
76.97689,10.94953
76.97056,10.96402
76.96023,10.97796
76.96124,10.98914
76.95172,11.02261
76.93846,11.09575
76.93863,11.08577
76.94134,11.08116
76.87049,11.04059
76.90324,11.02814
76.9535,11.01744
76.96776,11.01463
76.971,11.02091
76.97854,11.02124
77.08871,11.06616
77.09273,11.06388
77.07918,11.05133
77.07439,11.01549
77.0681,11.00307
76.97395,10.89141
77.05397,10.99805
77.0573,10.99781
76.96677,10.89808
76.9634,10.8965
77.04568,11.00381
76.96251,11.00139
76.94896,11.00025
76.94217,11.01359
76.92923,11.01343
77.05531,11.00024
76.92935,11.0134
76.91672,11.02153
76.89818,11.02453
77.07409,11.01453
77.07917,11.0513
77.06558,11.05529
77.04656,11.04389
77.04527,11.04879
77.03843,11.04797
77.03697,11.07793
77.00003,10.94976
77.01423,10.941
77.01457,10.94722
77.06576,11.00437
77.05586,11.00196
77.02635,11.00598
76.92294,11.11305
76.9357,11.11456
76.95182,11.02253
76.98482,10.99861
76.97251,10.95601
76.96175,10.97468
76.97295,11.01628
76.95341,11.01662
76.90843,11.06498
76.89128,11.06641
76.88331,11.07035
76.87001,11.07327
76.86685,11.07792
76.86778,11.08296
76.97737,11.01672
76.96847,10.9946
76.92331,10.9838
76.90451,10.96794
76.8652,10.97433
76.96838,11.01703
76.96542,11.01709
76.92515,11.03996
76.92354,11.04391
76.90855,11.06512
76.976,10.99147
76.9616,10.98766
76.88188,11.07064
76.88215,11.06972
76.95309,11.01686
76.94141,11.0806
76.93565,11.11397
76.93494,11.12614
76.94494,11.15829
76.95326,11.17307
76.95693,11.17319
76.8745,11.07167
76.86281,11.08206
76.85192,11.08358
76.96287,10.99045
76.98366,10.99481
76.98197,11.01048
76.99305,11.0208
77.03737,11.03798
77.03839,11.07252
77.02897,11.11256
77.02997,11.12547
77.04156,11.14484
76.9661,10.98871
76.98026,10.99247
76.9845,10.9958
76.985,10.9986
76.9959,10.99709
77.00007,10.98001
76.99861,10.97893
76.99782,10.97988
76.98509,11.0076
77.08971,11.06269
76.92279,10.98358
76.91287,10.97448
76.91236,10.97129
77.0057,10.99684
76.96057,10.99058
76.95609,11.00292
76.9386,11.08551
76.93864,11.0994
76.97059,10.96395
77.01145,10.94478
77.0389,10.91583
77.06907,10.94763
77.09821,10.95872
77.1164,10.96025
77.13935,10.94198
76.98521,10.99814
77.03708,11.03761
77.06256,11.00292
77.07425,11.01497
77.09173,11.06332
76.90293,10.9676
76.89333,10.97103
76.95164,10.99182
76.94262,11.01289
76.86675,11.07998
76.99163,10.99764
76.85582,11.08273
76.85569,11.08713
76.85175,11.08882
76.94259,11.02355
76.94239,11.01958
77.06242,11.00288
77.06873,11.00633
77.06852,11.02087
77.06501,11.02105
76.95459,11.01674
76.99098,11.05091
76.96193,10.97467
76.95621,10.97004
76.93739,10.99876
76.92157,10.98284
77.03718,11.00952
76.94417,11.02272
76.95163,11.02324
77.03625,10.98585
77.03336,10.98077
77.02769,10.9776
76.95981,11.03711
76.95052,11.03687
76.93831,10.98777
76.94634,10.98988
76.98047,10.99255
76.9922,11.02022
77.01755,11.02584
77.03099,11.00076
76.98474,10.99845
76.92809,11.00439
76.92569,11.00962
77.02109,11.02642
76.97217,11.02101
76.92376,11.04337
76.925,11.04658
76.95652,11.02279
76.95917,11.02277
76.95926,11.0195
76.96034,11.01892
76.95691,11.01666
76.96023,11.01072
76.96588,11.01041
76.96585,11.0102
76.96616,11.01013
76.95435,11.01659
76.95355,10.94853
76.95231,10.95325
76.96598,11.01995
76.96587,11.01542
76.96796,11.01555
76.96857,11.01711
76.97069,11.01612
76.97731,11.01673
77.0085,11.01094
76.99305,11.00409
76.98606,11.01286
76.97117,11.00322
76.95108,10.99954
77.03759,11.04008
77.02154,11.02658
76.95568,10.9939
76.93099,10.984
76.83752,10.99453
76.82162,10.99956
76.98319,10.92117
77.01919,10.82385
77.04635,10.91325
77.05503,10.90115
77.06372,10.86857
77.07843,10.87561
77.15087,10.87952
76.95998,10.99248
76.90818,11.06515
76.86166,11.07474
76.85894,11.06556
76.85169,11.06367
76.85045,11.06115
76.94228,11.071
76.94192,11.07444
76.94557,11.07468
76.94645,11.07708
76.94489,11.07842
76.94998,10.99982
76.90352,11.07843
76.94145,11.08012
76.94513,11.08809
76.95349,11.09457
76.9526,11.09843
76.95472,11.11189
76.96131,11.11607
76.96896,11.11781
77.11504,11.02532
77.13675,11.00869
77.03567,10.92534
77.03883,10.91585
76.95824,11.00038
76.95461,11.01515
76.95131,11.02544
76.95555,11.03566
76.95539,11.03449
76.90337,10.96766
76.85775,10.9377
77.12983,11.02814
77.17215,11.02472
77.21113,11.00643
77.18454,11.01644
76.9723,10.95645
76.98306,10.92147
76.99825,10.90414
77.01128,10.86587
76.94183,11.08175
76.97499,11.12024
76.97772,11.12674
77.00242,11.13319
77.02076,11.14334
76.936,11.01923
76.9362,11.01923
76.93681,11.01925
76.93734,11.01925
76.93768,11.01927
76.93814,11.01927
76.93839,11.01928
76.93853,11.0193
76.93859,11.01946
76.93855,11.01953
76.93792,11.02053
76.9377,11.02094
76.93739,11.02142
76.93688,11.02215
76.93637,11.02283
76.93599,11.02334
76.9356,11.02389
76.93536,11.02427
76.93514,11.0246
76.93508,11.02459
76.93484,11.02453
76.93469,11.0245
76.93467,11.02449
76.93465,11.02447
76.93463,11.02446
76.93461,11.02444
76.93459,11.02442
76.93458,11.02439
76.93456,11.02436
76.93454,11.0243
76.93451,11.02424
76.93451,11.02423
76.9345,11.02422
76.9345,11.02421
76.93449,11.0242
76.93448,11.02419
76.93446,11.02418
76.93445,11.02417
76.93444,11.02417
76.93443,11.02416
76.93442,11.02416
76.93441,11.02416
76.9344,11.02416
76.93432,11.02415
76.93413,11.02415
76.93393,11.02414
76.93379,11.02415
76.9337,11.02416
76.93356,11.02419
76.93334,11.02424
76.93877,11.01923
76.93951,11.01806
76.94001,11.01729
76.94015,11.01707
76.94037,11.01673
76.94038,11.01671
76.94065,11.01626
76.94104,11.01555
76.94112,11.01541
76.94122,11.01524
76.94142,11.01495
76.94147,11.01486
76.94188,11.01421
76.94217,11.01375
76.94222,11.01369
76.94204,11.01356
76.94196,11.01356
76.94172,11.01356
76.94131,11.01355
76.94071,11.01353
76.94035,11.01353
76.94001,11.01352
76.93925,11.01349
76.93827,11.01346
76.93698,11.01344
76.93654,11.01343
76.93608,11.01342
76.93545,11.01341
76.93441,11.01337
76.93252,11.01333
76.93199,11.01332
76.93199,11.01322
76.93187,11.01322
76.93176,11.01322
76.93165,11.01321
76.93154,11.01321
76.93144,11.01321
76.93136,11.01321
76.93129,11.01321
76.93126,11.01321
76.93124,11.01322
76.93123,11.01323
76.93122,11.01324
76.93121,11.01325
76.9312,11.01327
76.9312,11.0133
76.9312,11.01341
76.9312,11.01348
76.9312,11.01351
76.9312,11.01353
76.93119,11.01354
76.93118,11.01355
76.93116,11.01356
76.93114,11.01357
76.93112,11.01357
76.93102,11.01357
76.93095,11.01358
76.93092,11.01359
76.93088,11.01361
76.93086,11.01364
76.93084,11.01367
76.93085,11.0142
76.93083,11.01496
76.93083,11.01517
76.93979,11.01942
76.93999,11.01943
76.94069,11.01947
76.94154,11.01951
76.94224,11.02092
76.94209,11.02259
76.94208,11.02261
76.94201,11.02347
76.93979,11.01944
76.93975,11.02072
76.93975,11.02073
76.93962,11.02234
76.93961,11.02238
76.93945,11.02421
76.93895,11.02418
76.939,11.02364
76.93185,11.01332
76.93129,11.01332
76.93121,11.01332
76.9312,11.01332
76.93113,11.01332
76.93033,11.0133
76.93007,11.01331
76.92979,11.01333
76.92972,11.01335
76.92964,11.01335
76.9295,11.01337
76.92912,11.01347
76.929,11.01352
76.9289,11.01357
76.92873,11.01366
76.92863,11.01371
76.92853,11.01377
76.92842,11.01383
76.92832,11.01389
76.92811,11.01399
76.92798,11.01405
76.92789,11.0141
76.92782,11.01413
76.92757,11.01424
76.92729,11.01436
76.92699,11.0145
76.92669,11.01465
76.92661,11.0147
76.92652,11.01475
76.92641,11.01483
76.92609,11.01509
76.92597,11.0152
76.92584,11.01531
76.9257,11.01543
76.92563,11.01548
76.92544,11.01563
76.92524,11.0158
76.92517,11.01584
76.9251,11.0159
76.92497,11.01598
76.9248,11.01609
76.92478,11.0161
76.92466,11.01617
76.92451,11.01624
76.92442,11.01629
76.92387,11.01653
76.92369,11.01661
76.92355,11.01667
76.92341,11.01673
76.92327,11.01679
76.92317,11.01683
76.923,11.01691
76.92299,11.01691
76.92267,11.01705
76.92264,11.01706
76.92256,11.0171
76.92247,11.01713
76.92224,11.01721
76.92209,11.01727
76.92185,11.01737
76.92171,11.01744
76.92165,11.01748
76.92158,11.01752
76.92151,11.01756
76.92143,11.01762
76.92134,11.0177
76.92125,11.01778
76.92109,11.01793
76.9209,11.01809
76.92075,11.01821
76.92071,11.01824
76.92053,11.01839
76.92044,11.01846
76.92029,11.01858
76.92017,11.01868
76.9201,11.01873
76.91997,11.01883
76.91993,11.01887
76.91975,11.01902
76.91957,11.01919
76.91938,11.01938
76.91856,11.02016
76.91816,11.02054
76.91808,11.0206
76.91799,11.02066
76.91797,11.02067
76.91788,11.02073
76.91775,11.0208
76.91766,11.02084
76.91758,11.02088
76.91751,11.02092
76.91748,11.02093
76.91746,11.02095
76.91739,11.021
76.91734,11.02105
76.91725,11.02116
76.91719,11.02122
76.91714,11.02127
76.91709,11.02133
76.91707,11.02135
76.91705,11.02136
76.91701,11.02139
76.91697,11.02142
76.91687,11.02147
76.91646,11.02162
76.91603,11.02174
76.91563,11.02186
76.91548,11.02189
76.91533,11.02193
76.91508,11.02198
76.91477,11.02204
76.91467,11.02206
76.91456,11.02208
76.91452,11.02209
76.91426,11.02214
76.9141,11.02217
76.91405,11.02218
76.91402,11.02218
76.91398,11.02219
76.91394,11.02221
76.9139,11.02222
76.91379,11.02227
76.91374,11.02228
76.9135,11.02237
76.9132,11.02248
76.91305,11.02254
76.91293,11.0226
76.91255,11.02278
76.91241,11.02285
76.91236,11.02288
76.9123,11.02293
76.91211,11.02307
76.91198,11.02311
76.91173,11.02319
76.91158,11.02323
76.9114,11.02327
76.91126,11.0233
76.91101,11.02335
76.91082,11.02338
76.91061,11.02341
76.91034,11.02342
76.91014,11.02345
76.90981,11.0235
76.90964,11.02353
76.90949,11.02357
76.90917,11.02362
76.90897,11.02367
76.90884,11.0237
76.90873,11.02373
76.90822,11.02392
76.90781,11.02407
76.90775,11.02409
76.90753,11.02416
76.90736,11.02422
76.90724,11.02426
76.9071,11.02431
76.90691,11.02439
76.90683,11.02443
76.90677,11.02446
76.90668,11.02451
76.90661,11.02455
76.90656,11.02459
76.90651,11.02463
76.90649,11.02464
76.90647,11.02466
76.90643,11.0247
76.90641,11.02472
76.90639,11.02476
76.90637,11.02479
76.90628,11.02512
76.90624,11.0253
76.90623,11.02536
76.90615,11.02571
76.90605,11.02606
76.90593,11.02634
76.90586,11.02643
76.90581,11.02651
76.90575,11.02659
76.90568,11.02667
76.90554,11.02681
76.90547,11.02688
76.90537,11.02695
76.9053,11.027
76.90521,11.02705
76.90514,11.02708
76.90498,11.02715
76.90473,11.02724
76.9044,11.02736
76.90425,11.02742
76.90408,11.02751
76.90393,11.02762
76.90377,11.02772
76.9037,11.02778
76.90362,11.02784
76.90354,11.0279
76.9034,11.02799
76.90333,11.02803
76.90328,11.02805
76.90321,11.02808
76.90302,11.02815
76.90289,11.02818
76.9028,11.0282
76.90268,11.02822
76.90259,11.02823
76.90246,11.02824
76.9024,11.02825
76.90233,11.02825
76.90222,11.02825
76.90219,11.02825
76.9021,11.02825
76.90183,11.02825
76.9018,11.02824
76.90148,11.02826
76.90056,11.02832
76.90036,11.02833
76.90035,11.02833
76.90035,11.02834
76.90034,11.02834
76.90032,11.02836
76.90022,11.02837
76.90013,11.02838
76.90006,11.02839
76.89996,11.02839
76.89983,11.02839
76.89969,11.02838
76.89931,11.02834
76.89908,11.02831
76.89895,11.0283
76.89888,11.02829
76.89881,11.02829
76.89873,11.02828
76.89863,11.02828
76.8985,11.02829
76.89837,11.0283
76.89785,11.02837
76.89759,11.0284
76.8973,11.02842
76.89717,11.02843
76.897,11.02845
76.89686,11.02847
76.89674,11.02848
76.89667,11.0285
76.89657,11.02852
76.89642,11.02856
76.8961,11.02866
76.89568,11.02878
76.89503,11.02899
76.8949,11.02903
76.8946,11.02912
76.89443,11.02918
76.89428,11.02924
76.89417,11.02928
76.89407,11.02932
76.8939,11.02938
76.89372,11.02944
76.89364,11.02947
76.8932,11.02966
76.89252,11.02995
76.89206,11.03014
76.89187,11.03021
76.89164,11.03029
76.89116,11.03044
76.89077,11.03059
76.89018,11.03083
76.89007,11.0309
76.88993,11.03097
76.88978,11.03105
76.88963,11.03114
76.88952,11.0312
76.8894,11.03127
76.8893,11.03132
76.88921,11.03137
76.88909,11.03143
76.88878,11.03155
76.88873,11.03158
76.88859,11.03164
76.88823,11.03184
76.88809,11.03192
76.88796,11.03199
76.88784,11.03206
76.88776,11.03212
76.88768,11.03218
76.88762,11.03223
76.88756,11.03228
76.88747,11.03235
76.88735,11.03245
76.88712,11.03263
76.88706,11.03269
76.88694,11.0328
76.88682,11.03293
76.88671,11.03306
76.88661,11.03318
76.88654,11.03327
76.88646,11.03337
76.88631,11.03351
76.88618,11.03363
76.88602,11.03378
76.88593,11.03387
76.88573,11.03411
76.88554,11.03431
76.88533,11.03454
76.8852,11.03468
76.88501,11.03488
76.88492,11.03497
76.88469,11.03518
76.88458,11.03527
76.88452,11.03531
76.88443,11.03537
76.88438,11.03541
76.8843,11.03546
76.88424,11.03549
76.88394,11.03565
76.88345,11.0359
76.88299,11.03612
76.88269,11.03625
76.88239,11.03639
76.88224,11.03645
76.88214,11.03649
76.88202,11.03655
76.88187,11.03661
76.88174,11.03665
76.88144,11.03675
76.88121,11.03682
76.88093,11.0369
76.88065,11.03699
76.88044,11.03706
76.8803,11.03711
76.88016,11.03716
76.88004,11.0372
76.87991,11.03726
76.87979,11.03732
76.87966,11.03739
76.87948,11.03751
76.87935,11.03759
76.87922,11.03768
76.87913,11.03773
76.87906,11.03778
76.87894,11.03785
76.87875,11.03796
76.87848,11.03812
76.8784,11.03817
76.87833,11.0382
76.87817,11.03826
76.87807,11.03829
76.87786,11.03833
76.87768,11.03837
76.8775,11.03841
76.87688,11.03855
76.87651,11.03864
76.87617,11.03871
76.87576,11.03879
76.87548,11.03885
76.87539,11.03888
76.87533,11.03889
76.87525,11.03892
76.87519,11.03895
76.87491,11.03908
76.87469,11.03917
76.87457,11.03922
76.87445,11.03927
76.87431,11.03932
76.87417,11.03937
76.87386,11.03948
76.87372,11.03953
76.87352,11.0396
76.87331,11.03966
76.87296,11.03976
76.87268,11.03984
76.87249,11.03989
76.87214,11.03998
76.87196,11.04003
76.87183,11.04007
76.87173,11.0401
76.87157,11.04016
76.87131,11.04026
76.87112,11.04033
76.87093,11.0404
76.87082,11.03976
76.87078,11.03929
76.87074,11.0389
76.87032,11.03891
76.87031,11.03891
76.86912,11.03904
76.86873,11.03908
76.86868,11.03866
76.86855,11.03868
76.86814,11.03873
76.86781,11.03877
76.9423,11.01357
76.94304,11.01409
76.94338,11.0143
76.94353,11.0144
76.94359,11.01442
76.94364,11.01444
76.94372,11.01446
76.94386,11.01447
76.94432,11.01451
76.94499,11.0146
76.94531,11.01463
76.94549,11.01465
76.946,11.0147
76.9462,11.01472
76.94672,11.01477
76.94715,11.01482
76.94726,11.01484
76.94837,11.01495
76.9496,11.01508
76.95131,11.01526
76.94368,11.01962
76.94462,11.01966
76.94562,11.01969
76.94665,11.01971
76.9469,11.01972
76.95037,11.01983
76.95046,11.01983
76.95088,11.01984
76.95127,11.01986
76.95328,11.01928
76.95345,11.01878
76.95365,11.0182
76.95413,11.0168
76.95425,11.01638
76.95433,11.01616
76.95441,11.01598
76.95448,11.0157
76.95455,11.01557
76.95463,11.01539
76.95472,11.0151
76.95481,11.01459
76.95491,11.0138
76.95523,11.01315
76.95543,11.01288
76.95546,11.01283
76.95577,11.01249
76.95598,11.01226
76.95614,11.0121
76.95725,11.01092
76.95749,11.01064
76.95781,11.01027
76.95801,11.01005
76.9583,11.0097
76.95842,11.00958
76.95992,11.00772
76.95998,11.00764
76.96049,11.00701
76.96134,11.00591
76.96135,11.00583
76.96157,11.00548
76.96209,11.00457
76.96216,11.00446
76.96242,11.004
76.96282,11.00329
76.96295,11.00306
76.96323,11.00255
76.96356,11.00188
76.96356,11.00186
76.96355,11.00184
76.96355,11.00182
76.96354,11.0018
76.96354,11.00179
76.96353,11.00178
76.96351,11.00177
76.96349,11.00176
76.96345,11.00175
76.96291,11.00159
76.96292,11.00159
76.96292,11.00158
76.96293,11.00157
76.96294,11.00156
76.96294,11.00155
76.96294,11.00154
76.96351,11.00169
76.96369,11.00175
76.96398,11.00183
76.96405,11.00185
76.96423,11.00189
76.9649,11.00205
76.96548,11.00215
76.96616,11.00228
76.96642,11.00233
76.96667,11.00237
76.96682,11.0024
76.96805,11.00262
76.96812,11.00263
76.96818,11.00264
76.96829,11.00266
76.96929,11.00285
76.96982,11.00295
76.97028,11.00306
76.97034,11.00308
76.97077,11.0032
76.97112,11.00331
76.9713,11.00338
76.97158,11.00348
76.97188,11.00362
76.97219,11.00377
76.97284,11.00413
76.97361,11.00461
76.97403,11.00488
76.97466,11.00529
76.97497,11.00547
76.97539,11.00574
76.97612,11.00622
76.97709,11.00693
76.97751,11.00727
76.97795,11.00764
76.9781,11.00776
76.97841,11.00801
76.97906,11.00856
76.97942,11.00886
76.98006,11.00932
76.98037,11.00952
76.98073,11.00973
76.9811,11.00996
76.98161,11.01028
76.98199,11.01049
76.98296,11.01105
76.98408,11.01167
76.98453,11.01191
76.98517,11.0123
76.98571,11.01271
76.98588,11.01283
76.98607,11.013
76.98644,11.01333
76.9871,11.01393
76.98751,11.01427
76.98756,11.0143
76.98778,11.01446
76.98789,11.01456
76.9879,11.01457
76.98797,11.01462
76.98817,11.01478
76.98835,11.01495
76.98838,11.01498
76.98859,11.01519
76.98892,11.01553
76.98894,11.01556
76.98898,11.0156
76.98964,11.01641
76.99015,11.01716
76.99056,11.01781
76.99064,11.01794
76.99081,11.01822
76.99131,11.01903
76.99183,11.01981
76.99189,11.01989
76.99196,11.01997
76.99378,11.02117
76.99392,11.02123
76.99428,11.02137
76.99489,11.02158
76.99561,11.02183
76.99576,11.02188
76.99609,11.02196
76.99635,11.02202
76.99656,11.02206
76.99697,11.02214
76.99732,11.02219
76.99755,11.02221
76.99775,11.02223
76.99793,11.02224
76.99806,11.02225
76.99828,11.02227
76.99842,11.02228
76.99884,11.02232
76.99924,11.02235
76.99926,11.02235
76.99953,11.0224
76.99971,11.02243
76.99996,11.02251
77.00016,11.0226
77.00024,11.02264
77.00059,11.0228
77.00124,11.02311
77.00148,11.02322
77.00174,11.02334
77.00198,11.02345
77.00238,11.02361
77.00253,11.02366
77.00275,11.02372
77.00307,11.02379
77.0034,11.02384
77.00344,11.02385
77.00382,11.0239
77.00431,11.02399
77.00476,11.02409
77.00517,11.02419
77.00582,11.02433
77.00614,11.02441
77.0065,11.02447
77.007,11.02454
77.00702,11.02455
77.00704,11.02455
77.00706,11.02455
77.00749,11.0246
77.0079,11.02465
77.00875,11.02478
77.00952,11.02491
77.01014,11.02504
77.01052,11.02513
77.01078,11.02518
77.01112,11.02523
77.01149,11.02528
77.01188,11.02532
77.01331,11.02546
77.01414,11.02549
77.0143,11.0255
77.01496,11.02553
77.01541,11.02556
77.01564,11.02559
77.01628,11.02567
77.01763,11.02585
77.01872,11.02607
77.01933,11.0262
77.01981,11.02629
77.0202,11.02637
77.02051,11.02644
77.02083,11.02651
77.02106,11.02654
77.02131,11.02662
77.02142,11.02667
77.02298,11.02744
77.02355,11.0277
77.02452,11.02816
77.02477,11.02831
77.02514,11.02854
77.02548,11.02879
77.02587,11.02907
77.02699,11.02982
77.02757,11.03022
77.0279,11.03048
77.02929,11.03161
77.0299,11.03207
77.03045,11.03246
77.03079,11.03269
77.03174,11.03335
77.03317,11.03448
77.03367,11.03492
77.03411,11.03531
77.03489,11.03603
77.03531,11.03641
77.03553,11.03661
77.03574,11.03676
77.03613,11.03706
77.03684,11.03758
77.03702,11.03771
77.03743,11.03803
77.03747,11.03793
77.03758,11.03761
77.0376,11.03751
77.03783,11.03568
77.03791,11.03518
77.03795,11.03476
77.03804,11.0336
77.03811,11.03297
77.03814,11.0327
77.03816,11.03238
77.03818,11.03217
77.03819,11.032
77.03821,11.03193
77.03827,11.03183
77.03842,11.03166
77.03845,11.03163
77.03853,11.03157
77.03854,11.03158
77.0386,11.03165
77.03861,11.03166
77.03868,11.03169
77.03873,11.0317
77.03878,11.03169
77.03885,11.03167
77.03897,11.03162
77.03903,11.03158
77.03914,11.0315
77.03923,11.03142
77.03927,11.03137
77.03929,11.03135
77.03929,11.03133
77.0393,11.03131
77.03929,11.03128
77.02794,11.03037
77.02705,11.02972
77.02603,11.02906
77.02541,11.02861
77.02513,11.02842
77.02466,11.02812
77.0247,11.02802
77.02475,11.02788
77.02479,11.02772
77.02499,11.02681
77.02537,11.02686
77.02604,11.02695
77.02751,11.02726
76.9584,11.00968
76.95846,11.00969
76.95849,11.0097
76.9585,11.0097
76.95856,11.00972
76.9591,11.01011
76.95912,11.01012
76.95914,11.01012
76.95915,11.01011
76.95945,11.00958
76.87635,11.03867
76.9516,11.01987
76.93483,11.02509
76.93456,11.0255
76.93443,11.02567
76.93406,11.02622
76.96295,11.00153
76.96295,11.00152
76.96295,11.00151
76.96296,11.0015
76.96296,11.00149
76.96296,11.00147
76.96296,11.00146
76.96296,11.00145
76.96296,11.00144
76.96296,11.00143
76.96296,11.00142
76.96295,11.0014
76.96294,11.00138
76.96293,11.00135
76.96292,11.00134
76.96291,11.00132
76.96289,11.0013
76.96288,11.00128
76.96283,11.00125
76.96282,11.00125
76.96281,11.00125
76.9628,11.00125
76.96279,11.00124
76.96278,11.00124
76.96275,11.00123
76.96273,11.00123
76.9627,11.00124
76.96268,11.00124
76.96266,11.00125
76.96264,11.00125
76.96262,11.00126
76.9626,11.00128
76.96258,11.00129
76.96256,11.00131
76.96255,11.00132
76.96255,11.00133
76.96254,11.00134
76.96253,11.00135
76.96253,11.00136
76.96252,11.00137
76.96252,11.00138
76.96202,11.00125
76.96156,11.00112
76.96133,11.00106
76.96091,11.00097
76.96037,11.00084
76.96028,11.00082
76.96019,11.00079
76.9598,11.00016
76.95981,11.00002
76.95983,10.99988
76.95985,10.99971
76.95985,10.99967
76.95988,10.99934
76.95989,10.99922
76.95994,10.99854
76.95998,10.99828
76.96,10.99812
76.96009,10.99752
76.96017,10.9971
76.96035,10.9965
76.9604,10.9963
76.96055,10.99576
76.96071,10.99534
76.96076,10.99434
76.96082,10.99354
76.96076,10.99337
76.96071,10.9932
76.96065,10.99296
76.96059,10.99244
76.96051,10.99183
76.96047,10.99145
76.96049,10.99109
76.96049,10.99105
76.9605,10.99101
76.96051,10.99096
76.96052,10.99092
76.96055,10.99085
76.96065,10.99061
76.9609,10.99016
76.96102,10.98999
76.96112,10.98982
76.96118,10.98972
76.96126,10.98951
76.96133,10.98923
76.96128,10.98873
76.96127,10.98836
76.96128,10.98814
76.96133,10.9878
76.96137,10.98767
76.9615,10.98683
76.96154,10.9864
76.96155,10.98633
76.96156,10.98617
76.96156,10.98593
76.96156,10.98574
76.96156,10.98573
76.96157,10.98512
76.96159,10.98447
76.96159,10.98389
76.96159,10.98353
76.96158,10.9834
76.96158,10.98314
76.96156,10.98295
76.96153,10.98274
76.9615,10.98248
76.96146,10.98214
76.96142,10.98179
76.96128,10.98055
76.96123,10.98028
76.96119,10.98004
76.96112,10.9798
76.96106,10.97963
76.96098,10.9795
76.96043,10.97875
76.96036,10.97864
76.96034,10.9786
76.96032,10.97854
76.96031,10.97848
76.96029,10.97841
76.96028,10.97833
76.96033,10.97798
76.96038,10.97785
76.96041,10.9778
76.96043,10.97777
76.96048,10.97773
76.96054,10.97768
76.96077,10.97749
76.96086,10.97742
76.96105,10.97727
76.96113,10.97719
76.96126,10.97708
76.96143,10.97689
76.9616,10.97664
76.9616,10.97663
76.96166,10.97654
76.96167,10.97652
76.96172,10.97643
76.96176,10.97635
76.9618,10.97627
76.96183,10.97617
76.96187,10.97603
76.96191,10.97587
76.96194,10.97571
76.96194,10.97558
76.96194,10.97552
76.96189,10.97511
76.96187,10.97493
76.96187,10.97485
76.96187,10.97482
76.96187,10.9748
76.96189,10.97475
76.96179,10.9746
76.96174,10.97457
76.96168,10.97456
76.96122,10.97442
76.96042,10.97409
76.95989,10.9739
76.9598,10.97386
76.95972,10.97382
76.95963,10.97377
76.95957,10.97372
76.95953,10.97369
76.95949,10.97365
76.95945,10.97361
76.95945,10.97359
76.95939,10.97352
76.95918,10.97315
76.95912,10.97306
76.95897,10.97285
76.95874,10.9726
76.95859,10.97244
76.95856,10.97242
76.95824,10.97211
76.95819,10.97206
76.95747,10.97139
76.95705,10.97101
76.95671,10.97069
76.95657,10.97057
76.9565,10.9705
76.95643,10.97041
76.95636,10.97032
76.95623,10.97008
76.9562,10.96998
76.95618,10.9699
76.95615,10.96972
76.95609,10.96932
76.95602,10.96886
76.95597,10.96857
76.95588,10.96808
76.95577,10.96738
76.95574,10.96716
76.95571,10.96697
76.95559,10.96623
76.95558,10.96617
76.95552,10.96585
76.95545,10.96551
76.95541,10.96531
76.95538,10.96514
76.95532,10.96488
76.95527,10.96452
76.95525,10.96438
76.9552,10.96403
76.95519,10.96401
76.95507,10.96311
76.95502,10.96274
76.955,10.96258
76.95499,10.9625
76.95492,10.96213
76.95486,10.96176
76.95481,10.96151
76.95475,10.96116
76.95468,10.96071
76.95458,10.96032
76.95454,10.96013
76.95453,10.96011
76.9545,10.95991
76.95445,10.9596
76.9544,10.95924
76.95433,10.95878
76.95427,10.95841
76.95416,10.95788
76.9541,10.95766
76.95403,10.95736
76.95398,10.957
76.95392,10.95655
76.9539,10.9564
76.95383,10.95598
76.95376,10.95542
76.95372,10.95512
76.95369,10.95473
76.95366,10.95431
76.95366,10.95429
76.95363,10.95375
76.95362,10.95316
76.95361,10.95298
76.9536,10.95263
76.9536,10.9523
76.9536,10.95212
76.95361,10.95207
76.95361,10.95167
76.95362,10.95153
76.95362,10.9515
76.95363,10.95067
76.95363,10.95057
76.95363,10.94978
76.95362,10.9493
76.95359,10.94887
76.9535,10.94819
76.95346,10.94784
76.95339,10.9474
76.95336,10.94716
76.95333,10.94698
76.95321,10.94605
76.95311,10.94528
76.95302,10.9446
76.95291,10.94384
76.9529,10.94381
76.95286,10.94357
76.95281,10.9433
76.95274,10.94293
76.95273,10.9429
76.95271,10.94283
76.9527,10.94279
76.95264,10.9425
76.95258,10.94227
76.95257,10.94223
76.95251,10.94195
76.95237,10.94133
76.95229,10.94094
76.95219,10.94051
76.95204,10.93988
76.95197,10.93957
76.95189,10.93921
76.95189,10.93917
76.95187,10.93908
76.95176,10.93872
76.95167,10.93837
76.95159,10.93808
76.95152,10.93785
76.95147,10.93763
76.95133,10.93712
76.95125,10.93675
76.95101,10.93612
76.95077,10.93553
76.95057,10.93504
76.95036,10.93446
76.95015,10.93395
76.95003,10.93363
76.94987,10.93323
76.9498,10.93306
76.94978,10.93298
76.94973,10.93273
76.94972,10.93257
76.94971,10.93254
76.94972,10.93235
76.94972,10.93214
76.94971,10.93153
76.9497,10.93139
76.9497,10.93096
76.94969,10.93079
76.94967,10.93029
76.94966,10.93003
76.94964,10.92975
76.94964,10.92967
76.94963,10.92946
76.94962,10.92925
76.94961,10.92913
76.94959,10.92878
76.94955,10.92822
76.94947,10.92721
76.94945,10.92693
76.94945,10.92692
76.94939,10.92647
76.94936,10.92626
76.94927,10.92567
76.94917,10.92466
76.94916,10.92457
76.94914,10.92406
76.94913,10.92391
76.9491,10.92256
76.94908,10.92228
76.94907,10.9221
76.94907,10.92193
76.94905,10.92177
76.94903,10.92153
76.94902,10.9214
76.94899,10.92124
76.94894,10.92085
76.94891,10.92064
76.94864,10.91875
76.94853,10.91808
76.94849,10.91786
76.94846,10.91769
76.94845,10.91755
76.94844,10.91743
76.94843,10.91727
76.94843,10.91707
76.94843,10.91687
76.94843,10.9166
76.94845,10.91618
76.94847,10.91588
76.94849,10.91555
76.9485,10.91548
76.94852,10.91501
76.9486,10.91437
76.94865,10.91388
76.94879,10.91275
76.94879,10.91274
76.94887,10.91201
76.94888,10.91193
76.94888,10.91185
76.9489,10.91154
76.94886,10.91067
76.94885,10.91058
76.94883,10.91045
76.94881,10.91037
76.9488,10.91031
76.94878,10.91025
76.94874,10.91009
76.94871,10.91002
76.94868,10.90995
76.94864,10.90983
76.94856,10.90963
76.9485,10.90953
76.94845,10.90945
76.94838,10.90933
76.94819,10.90905
76.94812,10.90895
76.94804,10.90883
76.94793,10.90867
76.94784,10.90855
76.94776,10.90845
76.94737,10.90798
76.94733,10.90794
76.94712,10.90771
76.94702,10.90759
76.9469,10.90745
76.9468,10.90733
76.94629,10.90672
76.94624,10.90666
76.94608,10.90646
76.94574,10.90604
76.94541,10.90551
76.94523,10.90521
76.94517,10.90512
76.9451,10.905
76.94502,10.90489
76.94495,10.90481
76.94486,10.90473
76.94477,10.90466
76.94467,10.90459
76.94437,10.90439
76.94431,10.90435
76.94396,10.90414
76.94372,10.90397
76.94266,10.90332
76.94225,10.90303
76.94164,10.90255
76.94121,10.90216
76.94108,10.90202
76.94107,10.902
76.94082,10.90174
76.94067,10.90155
76.9405,10.90134
76.94042,10.90126
76.94029,10.90119
76.94013,10.90101
76.93992,10.90077
76.93984,10.90067
76.93972,10.90051
76.93885,10.89941
76.93874,10.89928
76.93871,10.89924
76.93862,10.89912
76.93852,10.89896
76.93839,10.89877
76.9383,10.89863
76.93816,10.89844
76.93801,10.89823
76.93785,10.89805
76.93784,10.89804
76.9377,10.89788
76.93765,10.89783
76.93759,10.89778
76.93751,10.89772
76.93743,10.89766
76.93727,10.89759
76.93667,10.89731
76.93617,10.89709
76.93596,10.89699
76.93577,10.89689
76.9356,10.89681
76.93556,10.89679
76.9353,10.89667
76.93493,10.89647
76.93467,10.89632
76.93451,10.89623
76.93433,10.89603
76.93424,10.89587
76.93421,10.89575
76.9342,10.89561
76.93422,10.89552
76.93425,10.89541
76.9343,10.89534
76.93435,10.89527
76.93444,10.89517
76.93463,10.89506
76.93469,10.89502
76.93473,10.89494
76.93474,10.8949
76.93475,10.89486
76.93475,10.89484
76.93475,10.89481
76.93475,10.89478
76.93471,10.8947
76.93463,10.89467
76.93451,10.89465
76.93442,10.89464
76.93431,10.89463
76.9342,10.89462
76.93405,10.89461
76.93401,10.89461
76.93374,10.89459
76.93362,10.89459
76.93344,10.89462
76.93292,10.89461
76.93227,10.89455
76.93185,10.89448
76.93118,10.89431
76.9304,10.89404
76.92923,10.89364
76.92851,10.89342
76.9281,10.89334
76.92776,10.89331
76.92684,10.89326
76.92617,10.89324
76.92565,10.89318
76.92491,10.89296
76.92456,10.89276
76.92417,10.89249
76.92377,10.89219
76.92315,10.89171
76.92262,10.89131
76.92246,10.89111
76.92235,10.89097
76.92229,10.89092
76.92221,10.89089
76.92212,10.89085
76.92198,10.89078
76.92139,10.89036
76.92081,10.8899
76.91975,10.88911
76.91874,10.88843
76.91751,10.88768
76.91703,10.88741
76.91697,10.88738
76.91593,10.88683
76.91532,10.88651
76.9153,10.8865
76.91421,10.88592
76.91353,10.88554
76.91274,10.88509
76.91226,10.88481
76.91177,10.8845
76.91138,10.88423
76.91098,10.8839
76.91082,10.88374
76.9107,10.88358
76.91056,10.88335
76.90969,10.88347
76.90977,10.88357
76.90994,10.88371
76.90998,10.88375
76.91039,10.88434
76.91001,10.88503
76.90989,10.88534
76.90981,10.88559
76.90969,10.88603
76.90954,10.88667
76.90934,10.88742
76.90914,10.88813
76.90904,10.88855
76.90889,10.88922
76.90888,10.88925
76.90882,10.88968
76.9088,10.88979
76.90872,10.88998
76.90868,10.89
76.90866,10.89002
76.90863,10.89004
76.9086,10.89005
76.90857,10.89006
76.90853,10.89008
76.9085,10.89008
76.90842,10.8901
76.90834,10.89011
76.90828,10.89011
76.9082,10.89011
76.9081,10.89011
76.90805,10.89011
76.9076,10.89009
76.90732,10.89008
76.90694,10.89006
76.90663,10.89005
76.90646,10.89005
76.90635,10.89005
76.90628,10.89007
76.90624,10.89007
76.90623,10.89008
76.90619,10.89009
76.90614,10.89011
76.90602,10.89019
76.90582,10.89037
76.90579,10.89039
76.90567,10.89046
76.90558,10.89049
76.90547,10.89052
76.90538,10.89053
76.90521,10.89051
76.90505,10.89051
76.90496,10.89052
76.9049,10.89054
76.90484,10.89056
76.90476,10.89061
76.90463,10.89071
76.90453,10.89081
76.90446,10.89089
76.90433,10.89115
76.90424,10.89129
76.90421,10.89134
76.90417,10.89142
76.90412,10.89156
76.90409,10.89175
76.90408,10.89185
76.90397,10.89251
76.90394,10.8927
76.90385,10.89304
76.90376,10.8934
76.90367,10.89368
76.90364,10.89375
76.90357,10.89382
76.90346,10.89392
76.90333,10.89402
76.90314,10.89417
76.90293,10.89433
76.90273,10.89455
76.90244,10.89485
76.90198,10.89537
76.90192,10.89548
76.90189,10.89557
76.90186,10.89568
76.90187,10.89587
76.90188,10.89634
76.90189,10.89657
76.90189,10.89686
76.90183,10.89719
76.9018,10.89748
76.90178,10.89755
76.90176,10.89761
76.90171,10.89766
76.90167,10.89769
76.90162,10.8977
76.90155,10.89771
76.90144,10.89772
76.90131,10.89772
76.90118,10.89771
76.90094,10.89767
76.90047,10.89759
76.90029,10.89756
76.90017,10.89755
76.90006,10.89757
76.90011,10.89886
76.90011,10.89898
76.90011,10.8991
76.90011,10.89915
76.90011,10.89919
76.90012,10.8992
76.90013,10.89921
76.90015,10.89923
76.9002,10.89924
76.90029,10.89924
76.90064,10.89924
76.90076,10.89924
76.90136,10.89928
76.9014,10.89928
76.9018,10.8993
76.90201,10.89931
76.9021,10.89932
76.90215,10.89933
76.90223,10.89936
76.9022,10.89974
76.90217,10.90009
76.9346,10.94231
76.93156,10.94627
76.93509,10.94891
76.93978,10.94413
76.93599,10.94053
76.92929,10.94573
76.93529,10.9445
76.93378,10.94336
76.92915,10.94929
76.9248,10.94791
76.92284,10.95012
76.92469,10.95733
76.93863,10.94484
76.9427,10.94508
76.93259,10.94164
76.93314,10.95133
76.93685,10.95339
76.92984,10.95418
76.9285,10.94958
76.92976,10.95425
76.93633,10.93883
76.92661,10.9319
76.93665,10.94385
76.92991,10.93393
76.94405,10.94913
76.93725,10.94796
76.92841,10.94963
76.92963,10.95383
76.93492,10.94734
76.93048,10.95249
76.93404,10.95027
76.93019,10.95258
76.9343,10.94833
